{
  "highest_v17_seen": "v17.975376",
  "version_counts": {
    "v10.0.0": 4,
    "v10.2.0": 7,
    "v10.3.0": 77,
    "v10.3.1": 34,
    "v10.3.2": 25,
    "v10.3.9": 38,
    "v10.4.4": 38,
    "v10.4.5": 35,
    "v10.4.9": 35,
    "v10.453885": 8,
    "v10.9": 33,
    "v11.0": 33,
    "v11.1": 48,
    "v11.108336": 6,
    "v11.13": 40,
    "v11.14": 37,
    "v11.19": 37,
    "v11.20": 43,
    "v11.26": 43,
    "v11.43": 5,
    "v11.50": 8,
    "v11.7": 48,
    "v11.8": 40,
    "v11.83": 5,
    "v11.9": 5,
    "v11.90": 6,
    "v12.301802": 9,
    "v15.090053": 5,
    "v15.751423": 5,
    "v16.0": 6,
    "v16.28": 18,
    "v16.29": 10,
    "v16.31": 5,
    "v16.58": 5,
    "v16.60": 4,
    "v16.63": 6,
    "v16.66": 9,
    "v16.69": 5,
    "v16.81": 13,
    "v16.86": 9,
    "v16.96": 4,
    "v17.00": 5,
    "v17.01": 4,
    "v17.10": 5,
    "v17.11": 4,
    "v17.20": 5,
    "v17.21": 4,
    "v17.30": 5,
    "v17.31": 4,
    "v17.40": 5,
    "v17.41": 9,
    "v17.42": 6,
    "v17.43": 7,
    "v17.44": 4,
    "v17.45": 4,
    "v17.46": 6,
    "v17.47": 6,
    "v17.48": 15,
    "v17.49": 16,
    "v17.50": 17,
    "v17.51": 13,
    "v17.52.1": 3,
    "v17.54": 4,
    "v17.55": 5,
    "v17.56": 8,
    "v17.57": 25,
    "v17.58": 57,
    "v17.58.1": 8,
    "v17.59": 26,
    "v17.60": 17,
    "v17.61": 22,
    "v17.62": 123,
    "v17.62.1": 7,
    "v17.62.2": 6,
    "v17.62.3": 7,
    "v17.62.4": 7,
    "v17.62.5": 6,
    "v17.62.6": 8,
    "v17.62.7": 5,
    "v17.62.8": 5,
    "v17.62.9": 6,
    "v5.0": 4,
    "v5.19": 4,
    "v5.29": 159,
    "v5.41": 5,
    "v5.42": 4,
    "v5.43": 4,
    "v5.46": 4,
    "v5.47": 4,
    "v5.48": 9,
    "v5.89": 193,
    "v5.89.5": 12,
    "v5.89.6": 7,
    "v5.89.7": 16,
    "v5.89.8": 13,
    "v5.89.9": 13,
    "v5.90": 10,
    "v5.90.2": 114,
    "v5.91": 14,
    "v5.91.0": 9,
    "v5.92": 49,
    "v5.92.0": 12,
    "v5.93": 28,
    "v5.93.0": 6,
    "v5.94": 28,
    "v5.94.0": 7,
    "v5.95": 28,
    "v5.95.0": 5,
    "v5.96": 42,
    "v5.96.0": 5,
    "v5.97": 40,
    "v5.98": 23,
    "v5.98.1": 4,
    "v5.99": 25,
    "v5.99.0": 4,
    "v6.0": 74,
    "v6.1.0": 7,
    "v6.2.0": 6,
    "v6.3.0": 4,
    "v6.4.0": 4
  }
}
